episode,rate,policy,depth,l_mean,l_p95,w_max,c_user,x_rate,throughput,f_jain,s_slip,lock_occupancy,batch_n,submissions,settled,gate_a_violations,l_mean_all,l_p95_all,w_max_all,overshoot,late_share,batches_per_decision_block
val-000,matched,p2(N=4),1,64.35823694904657,141.0,241,108918.64137230384,0.0,148.1292832005927,0.728486989987174,0.001508700362663218,0.451657714391554,6.6797078768909754,1917,12796,0,64.35823694904657,141.0,241,82,0.09221631759924977,1.0
val-000,matched,e3(greedy),1,59.46803688652704,137.0,241,138114.59526414506,0.0,148.1292832005927,0.6996494047721342,0.0014628958149536316,0.7039613817373588,4.290982232651693,2983,12796,0,59.46803688652704,137.0,241,65,0.07955611128477649,1.0
val-000,matched,p2(N=4),2,58.320881525476715,120.0,238,110534.55251641138,0.0,148.1292832005927,0.747451827930759,0.0011927143027283384,0.44960872383774775,6.478744939271255,1976,12796,0,58.320881525476715,120.0,238,82,0.048999687402313225,1.036726128016789
val-000,matched,e3(greedy),2,53.44959362300719,114.0,233,140113.94295092215,0.0,148.1292832005927,0.7273304290172302,0.0011474059878408618,0.7032783848860901,4.18848167539267,3056,12796,0,53.44959362300719,114.0,233,51,0.03680837761800563,1.0248155600268276
val-000,matched,p2(N=4),3,58.02883713660519,119.0,238,110726.27078774617,0.0,148.1292832005927,0.7475500027472975,0.0011770487475961002,0.44923828486756806,6.456379223398891,1983,12796,0,58.02883713660519,119.0,238,82,0.04782744607689903,1.0409448818897638
val-000,matched,e3(greedy),3,53.14301344170053,113.0,233,140442.60284463895,0.0,148.1292832005927,0.7277932236911299,0.0011300090055134796,0.7032783848860901,4.172099087353325,3068,12796,0,53.14301344170053,113.0,233,51,0.035636136292591436,1.0284948038887027
val-000,heavy,p2(N=4),1,136.69521468978948,587.0,868,97210.3193452657,0.0,249.65271346545657,0.37886384359914227,0.008094354290327217,0.5882570846453047,8.602231964926265,2509,21566,0,136.69521468978948,587.0,868,721,0.27826207919873874,1.0
val-000,heavy,e3(greedy),1,137.10844267235385,602.0,902,114070.456442116,0.0,249.68744211891092,0.36122439708493614,0.008226678200603216,0.8334876829042416,6.088807442909501,3547,21569,0,137.10844267235385,602.0,902,746,0.27479252631090917,1.0
val-000,heavy,p2(N=4),2,55.38880645460447,114.0,233,98591.62255402021,0.0,249.65271346545657,0.7481631685989416,0.0016877731459797427,0.5812418966475273,8.32035466461064,2594,21566,0,55.38880645460447,114.0,233,53,0.038764722247982934,1.0459677419354838
val-000,heavy,e3(greedy),2,53.13677036487552,112.0,233,116020.26032732162,0.0,249.68744211891092,0.7307958184103893,0.001656355624154798,0.8324805519540656,5.889555494955004,3667,21569,0,53.13677036487552,112.0,233,51,0.0359775603875933,1.034998588766582
val-000,heavy,p2(N=4),3,54.01330798479088,112.0,233,98851.63256978577,0.0,249.65271346545657,0.7417378715606735,0.0015414249923622297,0.581010372291165,8.269731800766284,2610,21566,0,54.01330798479088,112.0,233,53,0.036075303718816655,1.0532687651331718
val-000,heavy,e3(greedy),3,51.697667949371784,110.0,233,116377.72437294266,0.0,249.68744211891092,0.7246068817171024,0.0015049649530282927,0.8323300611224301,5.852805638384386,3689,21569,0,51.697667949371784,110.0,233,51,0.03328851592563401,1.041501976284585
val-001,matched,p2(N=4),1,59.06031468531469,125.0,274,118107.02202797202,0.0,131.8777594614223,0.74784909816107,0.0008597686390191951,0.46874243489688405,5.685203574975174,2014,11440,0,59.06031468531469,125.0,274,85,0.05874125874125874,1.0
val-001,matched,e3(greedy),1,53.99405698304492,119.0,249,149399.44188079008,0.0,131.90081501377568,0.7278808083698957,0.0008159276104232248,0.7032058745547396,3.7717391304347827,3036,11442,0,53.99405698304492,119.0,249,74,0.04719454640797063,1.0
val-001,matched,p2(N=4),2,58.50716783216783,124.0,274,118597.17727272728,0.0,131.8777594614223,0.7484852798673984,0.0008330506646975661,0.4674743795174473,5.641379310344828,2030,11440,0,58.50716783216783,124.0,274,85,0.05568181818181818,1.0099502487562189
val-001,matched,e3(greedy),2,53.395997203286136,117.0,249,150226.43427722427,0.0,131.90081501377568,0.7283763642090572,0.0007878629489607743,0.7031712912262096,3.7388181521384265,3063,11442,0,53.395997203286136,117.0,249,74,0.04413564062226884,1.0088932806324111
val-001,matched,p2(N=4),3,58.50192307692308,124.0,274,118627.81197552447,0.0,131.8777594614223,0.7484953008042251,0.0008329652615534437,0.4674743795174473,5.638601674052191,2031,11440,0,58.50192307692308,124.0,274,85,0.05568181818181818,1.01044776119403
val-001,matched,e3(greedy),3,53.38725747246985,117.0,249,150287.69297325643,0.0,131.90081501377568,0.7284391568287117,0.0007875891088177698,0.7031712912262096,3.736378466557912,3065,11442,0,53.38725747246985,117.0,249,74,0.04413564062226884,1.0095520421607378
val-001,heavy,p2(N=4),1,57.789585296889726,122.0,260,109092.82569509896,0.0,195.69552837562105,0.7495988153761501,0.0007034718393651135,0.6010813054053743,6.659741277930223,2551,16976,0,57.789585296889726,122.0,260,106,0.05230914231856739,1.0
val-001,heavy,e3(greedy),1,54.88183317624882,119.0,249,128952.83288171537,0.0,195.69552837562105,0.7290464433055556,0.0006615463368818129,0.8165815532525621,4.837745516652434,3513,16976,0,54.88183317624882,119.0,249,105,0.04830348727615457,1.0
val-001,heavy,p2(N=4),2,57.53817153628652,120.0,260,109299.27067624882,0.0,195.69552837562105,0.7547367880833551,0.0006992543228874866,0.5993406112026929,6.634908238969152,2561,16976,0,57.53817153628652,120.0,260,85,0.04965834118755891,1.0051020408163265
val-001,heavy,e3(greedy),2,54.656691800188504,118.0,249,129262.50035344015,0.0,195.69552837562105,0.7333767112247142,0.0006578856923526618,0.8162126644149077,4.816326530612245,3528,16976,0,54.656691800188504,118.0,249,74,0.04635956644674835,1.004269854824936
val-001,heavy,p2(N=4),3,57.52344486333647,120.0,260,109299.27067624882,0.0,195.69552837562105,0.7549232887101226,0.0006989905366959638,0.5990524167982755,6.634908238969152,2561,16976,0,57.52344486333647,120.0,260,85,0.04906927426955702,1.0054966627404789
val-001,heavy,e3(greedy),3,54.64196512723846,118.0,249,129262.50035344015,0.0,195.69552837562105,0.7335809421653843,0.0006576219061611388,0.8159244700104903,4.816326530612245,3528,16976,0,54.64196512723846,118.0,249,74,0.04577049952874646,1.0045558086560364
val-002,matched,p2(N=4),1,56.09633856395625,112.0,221,129961.82168330956,0.0,123.21736175398713,0.7703690567095882,0.0009652818437065277,0.5237118717555105,4.767452402538531,2206,10515,0,56.09633856395625,112.0,221,26,0.03138373751783167,1.0
val-002,matched,e3(greedy),1,52.038326200665715,107.0,208,154459.09557774608,0.0,123.21736175398713,0.7557794130544304,0.0009304113713947375,0.693005378675135,3.578034682080925,2941,10515,0,52.038326200665715,107.0,208,10,0.023395149786019972,1.0
val-002,matched,p2(N=4),2,54.43309557774608,111.0,221,130961.71041369472,0.0,123.21736175398713,0.7617303648574839,0.0008692096597239812,0.5225986383397588,4.703488372093023,2236,10515,0,54.43309557774608,111.0,221,26,0.030622919638611506,1.015901862789641
val-002,matched,e3(greedy),2,50.33095577746077,106.0,208,155725.62130290063,0.0,123.21736175398713,0.7485541653509276,0.0008315446917609169,0.693005378675135,3.5323934206109433,2979,10515,0,50.33095577746077,106.0,208,10,0.02253922967189729,1.0129207752465148
val-002,matched,p2(N=4),3,54.280076081787925,111.0,221,131061.69928673324,0.0,123.21736175398713,0.7606733621774674,0.000860331117225207,0.5222588091917926,4.697186243858866,2239,10515,0,54.280076081787925,111.0,221,26,0.030622919638611506,1.0177272727272728
val-002,matched,e3(greedy),3,50.18193057536852,106.0,208,155792.28055159296,0.0,123.21736175398713,0.7477021758181293,0.000823050515654013,0.693005378675135,3.5300234820530023,2981,10515,0,50.18193057536852,106.0,208,10,0.02253922967189729,1.013600816048963
val-002,heavy,p2(N=4),1,77.5565236818588,260.0,397,102070.64486148347,0.0,262.2543562581295,0.5578247852824215,0.002715405982822258,0.6800332798200077,7.69114619080302,2914,22380,0,77.5565236818588,260.0,397,272,0.15084897229669347,1.0
val-002,heavy,e3(greedy),1,76.11407506702413,260.0,397,112327.65804289545,0.0,262.2543562581295,0.5449463402219273,0.00269482433114961,0.8276597489951604,6.278991596638655,3570,22380,0,76.11407506702413,260.0,397,272,0.14883824843610366,1.0
val-002,heavy,p2(N=4),2,51.701225763316245,108.0,215,103505.34972141743,0.0,262.89885981461737,0.7489678959594263,0.0012437117276200282,0.6754045724597771,7.449054098904746,3013,22435,0,51.701225763316245,108.0,215,46,0.027457098283931357,1.0421999308197856
val-002,heavy,e3(greedy),2,50.22620904836194,107.0,210,114080.8833519055,0.0,262.89885981461737,0.7386181668314046,0.0012208932507985126,0.826593388565335,6.082362503386616,3691,22435,0,50.22620904836194,107.0,210,46,0.025585023400936036,1.03621560920831
val-002,heavy,p2(N=4),3,50.770492533987074,106.29999999999927,215,103692.80378872297,0.0,262.89885981461737,0.7481516501165074,0.0011857511276140748,0.6747952236427341,7.419504132231405,3025,22435,0,50.770492533987074,106.29999999999927,215,33,0.025897035881435257,1.0470751124956732
val-002,heavy,e3(greedy),3,49.28442166258079,105.0,208,114346.44328058837,0.0,262.89885981461737,0.7382279281893753,0.0011626105201131345,0.8263355871427399,6.053937432578209,3708,22435,0,49.28442166258079,105.0,208,33,0.02398038778694005,1.0412805391743891
val-003,matched,p2(N=4),1,59.53311290479432,126.0,279,126848.48536419333,0.0,117.45422563364517,0.7482467598288225,0.0006944515966210155,0.4741801733886167,4.977745524915337,2067,10283,0,59.53311290479432,126.0,279,85,0.06019644072741418,1.0
val-003,matched,e3(greedy),1,54.35583001069727,120.0,227,157419.67246912376,0.0,117.45422563364517,0.7280039793566396,0.0006522436777707166,0.6739197477983757,3.4709851551956814,2964,10283,0,54.35583001069727,120.0,227,59,0.049596421277837206,1.0
val-003,matched,p2(N=4),2,59.37031994554118,126.0,279,127257.46445589808,0.0,117.45422563364517,0.7471016666745877,0.0006870817665423026,0.47384893031331027,4.94997594997595,2079,10283,0,59.37031994554118,126.0,279,85,0.06029368861227268,1.006779661016949
val-003,matched,e3(greedy),2,54.15861130020422,120.0,227,157896.81474277933,0.0,117.45422563364517,0.7267515816780202,0.0006439475386350341,0.6732001507727101,3.45466756212223,2978,10283,0,54.15861130020422,120.0,227,59,0.049596421277837206,1.005741303613644
val-003,matched,p2(N=4),3,59.36108139647963,126.0,279,127257.46445589808,0.0,117.45422563364517,0.7469583952484947,0.0006867870550440745,0.47379181943825743,4.94997594997595,2079,10283,0,59.36108139647963,126.0,279,85,0.06029368861227268,1.007267441860465
val-003,matched,e3(greedy),3,54.149858990566955,120.0,227,157896.81474277933,0.0,117.45422563364517,0.7266112495638367,0.0006436679843598716,0.6731430398976573,3.45466756212223,2978,10283,0,54.149858990566955,120.0,227,59,0.049596421277837206,1.0060810810810812
val-003,heavy,p2(N=4),1,72.10916121356335,203.0,409,103378.81915526472,0.0,230.4081143131275,0.5909328193645154,0.002385534123106042,0.6242447086774263,7.475203552923761,2702,20172,0,72.10916121356335,203.0,409,284,0.13117192147531231,1.0
val-003,heavy,e3(greedy),1,70.13578227245686,203.0,409,117955.30036684513,0.0,230.4081143131275,0.5726546694488998,0.002357495862481683,0.8271368033901015,5.697543066930246,3541,20172,0,70.13578227245686,203.0,409,284,0.12859409081895698,1.0
val-003,heavy,p2(N=4),2,57.43947055324212,127.0,290,104230.12735474916,0.0,230.4081143131275,0.718782927494274,0.0012778880938349375,0.6211492992495631,7.3355143584151214,2751,20172,0,57.43947055324212,127.0,290,167,0.06176878841959151,1.0261096605744124
val-003,heavy,e3(greedy),2,55.42494546896688,125.0,290,119275.69675788221,0.0,230.4081143131275,0.7016890447303495,0.0012483833622707321,0.8256633428137385,5.577826928393696,3617,20172,0,55.42494546896688,125.0,290,167,0.05904223676383105,1.0234861346915676
val-003,heavy,p2(N=4),3,56.76987904025382,126.0,287,104403.86372199089,0.0,230.4081143131275,0.719770470249514,0.0012204217651363837,0.6198814378233903,7.309670409272003,2761,20172,0,56.76987904025382,126.0,287,115,0.060132857426135236,1.0306084359835759
val-003,heavy,e3(greedy),3,54.742167360698,125.0,287,119571.04858219314,0.0,230.4081143131275,0.7030052490832863,0.001191213935886648,0.8254234771385167,5.556808803301238,3635,20172,0,54.742167360698,125.0,287,115,0.057406305770374776,1.0285795132993776
val-004,matched,p2(N=4),1,63.5465034965035,128.0,278,133587.75850815847,0.0,98.16933638443936,0.7772116131384498,0.0004787313880049847,0.4426086956521739,4.54151242728715,1891,8580,0,63.5465034965035,128.0,278,75,0.06515151515151515,1.0
val-004,matched,e3(greedy),1,56.708158508158505,120.0,278,174474.87517482517,0.0,98.16933638443936,0.7437765247896236,0.00042157190051911705,0.6788672768878719,2.968188105117566,2892,8580,0,56.708158508158505,120.0,278,41,0.04906759906759907,1.0
val-004,matched,p2(N=4),2,63.554545454545455,128.0,278,133587.75850815847,0.0,98.16933638443936,0.7773071221156883,0.00047895571033268816,0.4422654462242563,4.546271813855103,1891,8580,0,63.554545454545455,128.0,278,75,0.06515151515151515,1.0
val-004,matched,e3(greedy),2,56.71037296037296,120.0,278,174515.72144522145,0.0,98.16933638443936,0.7441765447294496,0.00042167222848992105,0.6785812356979405,2.968199101278949,2893,8580,0,56.71037296037296,120.0,278,41,0.04906759906759907,1.0003457814661134
val-004,matched,p2(N=4),3,63.554545454545455,128.0,278,133587.75850815847,0.0,98.16933638443936,0.7773071221156883,0.00047895571033268816,0.4422654462242563,4.546271813855103,1891,8580,0,63.554545454545455,128.0,278,75,0.06515151515151515,1.0
val-004,matched,e3(greedy),3,56.71037296037296,120.0,278,174515.72144522145,0.0,98.16933638443936,0.7441765447294496,0.00042167222848992105,0.6785812356979405,2.968199101278949,2893,8580,0,56.71037296037296,120.0,278,41,0.04906759906759907,1.0003457814661134
val-004,heavy,p2(N=4),1,68.76379642606868,218.0,477,98481.72726874561,0.0,261.2356979405034,0.5560428685518396,0.00211035895131838,0.628512585812357,8.34014598540146,2740,22832,0,68.76379642606868,218.0,477,315,0.10739313244569026,1.0
val-004,heavy,e3(greedy),1,66.84448629237103,218.0,477,112107.25694140318,0.0,261.25858123569793,0.5382351830062704,0.0020819063646145635,0.840812356979405,6.299062844542448,3628,22834,0,66.84448629237103,218.0,477,315,0.10484365419987737,1.0
val-004,heavy,p2(N=4),2,53.71969166082691,120.0,294,99955.28438156973,0.0,261.2356979405034,0.7092438252419324,0.0012321591163793329,0.6240045766590389,8.056064880112835,2836,22832,0,53.71969166082691,120.0,294,138,0.049754730203223546,1.0422638735758911
val-004,heavy,e3(greedy),2,51.74029955329772,118.0,294,113995.08662520802,0.0,261.25858123569793,0.6942897604595126,0.0012014681342334805,0.8392562929061785,6.089576113036523,3751,22834,0,51.74029955329772,118.0,294,138,0.04633441359376369,1.0353298371515318
val-004,heavy,p2(N=4),3,52.34412228451296,114.0,278,100262.27544674142,0.0,261.2356979405034,0.7229626669033192,0.0011551566124226652,0.6237643020594966,7.999649859943977,2856,22832,0,52.34412228451296,114.0,278,116,0.03849859845830413,1.05
val-004,heavy,e3(greedy),3,50.38863098887624,112.0,278,114317.39901024787,0.0,261.25858123569793,0.7090193859559507,0.0011253241129172019,0.8395652173913043,6.057529162248144,3772,22834,0,50.38863098887624,112.0,278,116,0.03534203380923185,1.0408388520971303
val-005,matched,p2(N=4),1,67.16361056537873,140.0,287,127120.67310630866,0.0,100.9642404540195,0.7554101072924122,0.0005155176990971103,0.4343379800539975,4.9604978354978355,1848,9162,0,67.16361056537873,140.0,287,152,0.08840864440078586,1.0
val-005,matched,e3(greedy),1,59.9670485542826,133.0,287,169695.86153846153,0.0,100.99730012672875,0.7137527446762398,0.00045485734475683893,0.6845997024629457,3.0948683322079678,2962,9165,0,59.9670485542826,133.0,287,152,0.0701582105837425,1.0
val-005,matched,p2(N=4),2,67.11001964636542,140.0,287,127158.92468893254,0.0,100.9642404540195,0.7578266035050272,0.0005145889663914358,0.4340514628905174,4.9578150351541375,1849,9162,0,67.11001964636542,140.0,287,145,0.08840864440078586,1.0005411255411256
val-005,matched,e3(greedy),2,59.89907255864703,133.0,287,169772.33966175668,0.0,100.99730012672875,0.7162103906619667,0.0004536298022699882,0.6844564438812055,3.092780026990553,2964,9165,0,59.89907255864703,133.0,287,145,0.0701582105837425,1.0003374957813027
val-005,matched,p2(N=4),3,67.08480681074002,140.0,287,127197.17627155643,0.0,100.9642404540195,0.7580903299231296,0.0005140353140195261,0.4341175822359359,4.955135135135135,1850,9162,0,67.08480681074002,140.0,287,145,0.08840864440078586,1.001082251082251
val-005,matched,e3(greedy),3,59.890671031096566,133.0,287,169810.57872340427,0.0,100.99730012672875,0.7166019849310007,0.000453404566506159,0.6844564438812055,3.0917369308600335,2965,9165,0,59.890671031096566,133.0,287,145,0.0701582105837425,1.0006749915626054
val-005,heavy,p2(N=4),1,60.891097906369744,131.0,308,105807.4040650858,0.0,198.43517549176264,0.7254620850139145,0.0007419018898614652,0.5927929913493857,7.103353057199211,2535,18007,0,60.891097906369744,131.0,308,152,0.06647414894207808,1.0
val-005,heavy,e3(greedy),1,58.15632809462986,129.0,308,125133.65346809574,0.0,198.43517549176264,0.7021581550732088,0.0007039674825473789,0.8263705989310706,5.103428733352224,3529,18007,0,58.15632809462986,129.0,308,152,0.06380851890931305,1.0
val-005,heavy,p2(N=4),2,60.45126895096352,130.0,287,106040.95390681401,0.0,198.43517549176264,0.7408166647655272,0.0007350751313932086,0.5905449336051574,7.069886140557519,2547,18007,0,60.45126895096352,130.0,287,145,0.06503026600766369,1.0075158227848102
val-005,heavy,e3(greedy),2,57.677791969789524,128.0,287,125542.36569112013,0.0,198.43517549176264,0.717972442890927,0.0006966962566387928,0.8258526640586258,5.073239436619718,3550,18007,0,57.677791969789524,128.0,287,145,0.06219803409785084,1.0056657223796035
val-005,heavy,p2(N=4),3,60.441939245848836,130.0,287,106040.95390681401,0.0,198.43517549176264,0.7412609614967044,0.000734886325213309,0.5905449336051574,7.069886140557519,2547,18007,0,60.441939245848836,130.0,287,145,0.06503026600766369,1.0075158227848102
val-005,heavy,e3(greedy),3,57.66846226467485,128.0,287,125542.36569112013,0.0,198.43517549176264,0.7184345530768957,0.0006965074504588931,0.8258526640586258,5.073239436619718,3550,18007,0,57.66846226467485,128.0,287,145,0.06219803409785084,1.0056657223796035
val-006,matched,p2(N=4),1,66.89113616268789,139.0,272,127817.16644562334,0.0,99.93373094764745,0.7553327383314414,0.0005130023435325705,0.42509388115749946,4.907908992416035,1846,9048,0,66.89113616268789,139.0,272,145,0.08443854995579134,1.0
val-006,matched,e3(greedy),1,59.40992484526967,133.64999999999964,272,173135.39920424402,0.0,99.93373094764745,0.7106690496057729,0.00045204009685900537,0.6885685884691849,3.0072944297082227,3016,9048,0,59.40992484526967,133.64999999999964,272,145,0.06885499557913351,1.0
val-006,matched,p2(N=4),2,66.87290008841732,139.0,272,127817.16644562334,0.0,99.93373094764745,0.756167778457495,0.0005128671176522716,0.42448641484426775,4.907908992416035,1846,9048,0,66.87290008841732,139.0,272,145,0.08399646330680813,1.0010845986984815
val-006,matched,e3(greedy),2,59.36560565870911,133.0,272,173251.599801061,0.0,99.93373094764745,0.711543726815526,0.0004513900412650209,0.688104705102717,3.001987413050679,3019,9048,0,59.36560565870911,133.0,272,145,0.06841290893015031,1.0009946949602122
val-006,matched,p2(N=4),3,66.87290008841732,139.0,272,127817.16644562334,0.0,99.93373094764745,0.756167778457495,0.0005128671176522716,0.42448641484426775,4.907908992416035,1846,9048,0,66.87290008841732,139.0,272,145,0.08399646330680813,1.0010845986984815
val-006,matched,e3(greedy),3,59.36560565870911,133.0,272,173251.599801061,0.0,99.93373094764745,0.711543726815526,0.0004513900412650209,0.688104705102717,3.001987413050679,3019,9048,0,59.36560565870911,133.0,272,145,0.06841290893015031,1.0009946949602122
val-006,heavy,p2(N=4),1,80.43652929235708,231.0,411,99253.93740263418,0.0,233.96288933068257,0.6294446687455902,0.002588666602795665,0.6011376187320522,8.184870706291008,2591,21183,0,80.43652929235708,231.0,411,276,0.18321295378369448,1.0
val-006,heavy,e3(greedy),1,78.06372132540356,230.0,411,115459.14028131786,0.0,233.99602385685884,0.6085413461377245,0.0025579457501160225,0.8296995802960018,5.9381298992161256,3572,21186,0,78.06372132540356,230.0,411,276,0.17969413763806288,1.0
val-006,heavy,p2(N=4),2,58.03809658688571,130.0,280,100230.05971769815,0.0,233.96288933068257,0.7181348799888874,0.0011743893058252682,0.5960017671747294,8.006792452830188,2650,21183,0,58.03809658688571,130.0,280,145,0.06321106547703347,1.0299261562378546
val-006,heavy,e3(greedy),2,55.576371188520724,127.75,280,116848.67695648069,0.0,233.99602385685884,0.6998111023462554,0.001140374025215941,0.8269162800971946,5.798960612691466,3656,21186,0,55.576371188520724,127.75,280,145,0.05923723213442839,1.0255259467040674
val-006,heavy,p2(N=4),3,57.597554642874,128.0,280,100428.59306991455,0.0,233.96288933068257,0.7186078955664599,0.0011444734043605455,0.5947316103379722,7.971074380165289,2662,21183,0,57.597554642874,128.0,280,145,0.06127555114950668,1.0366043613707165
val-006,heavy,e3(greedy),3,55.15156235249693,126.0,280,117113.35060889267,0.0,233.99602385685884,0.7005828889457437,0.0011111156488690255,0.8269162800971946,5.777777777777778,3672,21186,0,55.15156235249693,126.0,280,145,0.05730199188143113,1.0300140252454417
val-007,matched,p2(N=4),1,60.74111726220433,128.0,235,126632.75078007046,0.0,116.03055218163132,0.7565620056283732,0.0008311598567375574,0.4659558067831449,4.991963837267705,1991,9935,0,60.74111726220433,128.0,235,71,0.06824358329139406,1.0
val-007,matched,e3(greedy),1,55.6858206702224,123.0,210,159453.40746704236,0.0,116.05391011865832,0.7307018320449528,0.0007854881592056871,0.6810006540222368,3.401779603011636,2922,9937,0,55.6858206702224,123.0,210,71,0.056958840696387236,1.0
val-007,matched,p2(N=4),2,59.48575742325113,122.0,235,127232.43241066935,0.0,116.03055218163132,0.7610355036060704,0.0007813115554862983,0.4645426515930113,4.949701195219124,2008,9935,0,59.48575742325113,122.0,235,71,0.0529441368897836,1.0095525389643036
val-007,matched,e3(greedy),2,54.42387038341552,116.0,210,160088.23669115428,0.0,116.05391011865832,0.7376646963189851,0.0007356285954862074,0.6802999159114267,3.380952380952381,2940,9937,0,54.42387038341552,116.0,210,71,0.041561839589413306,1.0065046217048956
val-007,matched,p2(N=4),3,59.229793658782086,122.0,235,127232.43241066935,0.0,116.03055218163132,0.7618331569881301,0.000769804927794644,0.4637484817340932,4.949701195219124,2008,9935,0,59.229793658782086,122.0,235,71,0.05284348263714142,1.0100603621730382
val-007,matched,e3(greedy),3,54.16614672436349,115.0,210,160123.50498138272,0.0,116.05391011865832,0.7389662662217336,0.0007240994969529379,0.6802999159114267,3.37980278816729,2941,9937,0,54.16614672436349,115.0,210,71,0.04146120559525007,1.0068469702156795
val-007,heavy,p2(N=4),1,293.3016499565801,1003.0,1149,95038.14036472724,0.0,295.8749883210315,0.4090059812173763,0.015341945163200272,0.6589507614687471,9.082078853046594,2790,25334,0,293.3016499565801,1003.0,1149,1001,0.40341043656745873,1.0
val-007,heavy,e3(greedy),1,291.9335675376964,1003.0,1149,105316.52210468145,0.0,295.8749883210315,0.4054846040628903,0.015321365574290549,0.8248972250770812,7.171477079796265,3534,25334,0,291.9335675376964,1003.0,1149,1001,0.4015946948764506,1.0
val-007,heavy,p2(N=4),2,56.1281676797979,125.0,218,96947.18031104445,0.0,295.8749883210315,0.7230407318507021,0.0020524883999079946,0.644118471456601,8.654030054644808,2928,25334,0,56.1281676797979,125.0,218,71,0.05747217178495303,1.0737073707370737
val-007,heavy,e3(greedy),2,54.66164048314518,124.0,218,107861.90869977105,0.0,295.8749883210315,0.7112564967731063,0.002028369223331196,0.8200037372699244,6.816568047337278,3718,25334,0,54.66164048314518,124.0,218,71,0.0555774848030315,1.0595611285266457
val-007,heavy,p2(N=4),3,51.55202494671193,109.0,210,97431.35710902345,0.0,295.8749883210315,0.7379162226406469,0.0017251878798529225,0.6428221059516024,8.551805602429969,2963,25334,0,51.55202494671193,109.0,210,71,0.03153864371990211,1.0889378904814406
val-007,heavy,e3(greedy),3,50.06765611431278,108.0,210,108512.08897134286,0.0,295.8749883210315,0.7278870150392153,0.0017004372853194178,0.8199219844903298,6.731474103585658,3765,25334,0,50.06765611431278,108.0,210,71,0.02964395673798058,1.0732611174458382
val-008,matched,p2(N=4),1,56.51007658202338,112.0,211,134903.48256751307,0.0,116.46657043270078,0.7797118861828285,0.0006114520643907571,0.5180556044549285,4.469635627530365,2223,9924,0,56.51007658202338,112.0,211,27,0.03164046755340588,1.0
val-008,matched,e3(greedy),1,52.20133010882709,107.0,208,161424.66465135026,0.0,116.46657043270078,0.7632355920043852,0.0005731434823998523,0.6918048562945229,3.340618695359785,2974,9924,0,52.20133010882709,107.0,208,5,0.024385328496573964,1.0
val-008,matched,p2(N=4),2,56.29453849254333,112.0,211,135291.94195888753,0.0,116.46657043270078,0.7788305063103598,0.0006037510973225241,0.5178091516154397,4.44762757385855,2234,9924,0,56.29453849254333,112.0,211,27,0.03164046755340588,1.0054005400540054
val-008,matched,e3(greedy),2,51.97118097541314,106.85000000000036,208,161989.69649334945,0.0,116.46657043270078,0.7625827779485043,0.0005647438327253332,0.6918048562945229,3.322742474916388,2990,9924,0,51.97118097541314,106.85000000000036,208,5,0.024385328496573964,1.0053799596503026
val-008,matched,p2(N=4),3,56.29091092301491,112.0,211,135327.25644901246,0.0,116.46657043270078,0.7788398415294924,0.0006036877573114013,0.5178091516154397,4.445637583892617,2235,9924,0,56.29091092301491,112.0,211,27,0.03164046755340588,1.0058505850585058
val-008,matched,e3(greedy),3,51.96755340588472,106.85000000000036,208,162025.0109834744,0.0,116.46657043270078,0.762599730249227,0.0005646804927142104,0.6918048562945229,3.321631561350719,2991,9924,0,51.96755340588472,106.85000000000036,208,5,0.024385328496573964,1.0057162071284464
val-008,heavy,p2(N=4),1,99.6482677350931,427.2999999999993,601,103880.93895828423,0.0,248.97604713117158,0.4209737941717728,0.005038220827821472,0.6728984027508831,7.392757660167131,2872,21215,0,99.6482677350931,427.2999999999993,601,459,0.17652604289417864,1.0
val-008,heavy,e3(greedy),1,98.04482043547931,427.1499999999978,601,114659.93793005939,0.0,249.01125467966997,0.4105338773045168,0.005017538698176581,0.8187280686312479,6.020992907801419,3525,21218,0,98.04482043547931,427.1499999999978,601,459,0.17447450278065793,1.0
val-008,heavy,p2(N=4),2,51.295451331604994,106.0,225,105185.97874145652,0.0,248.97604713117158,0.7553918376096477,0.0014232353571126252,0.6678754591651117,7.19112165367672,2951,21215,0,51.295451331604994,106.0,225,56,0.02234268206457695,1.0350754121360926
val-008,heavy,e3(greedy),2,49.65675369968894,105.0,208,116311.653454614,0.0,249.01125467966997,0.745093184610229,0.0014003839054951214,0.8172024081963173,5.859034482758621,3625,21218,0,49.65675369968894,105.0,208,10,0.02026581204637572,1.0310011376564279
val-008,heavy,p2(N=4),3,50.389205750648124,104.0,225,105483.32957812869,0.0,248.97604713117158,0.7531659814695285,0.0013355805330589694,0.6680280252086047,7.152239811384304,2969,21215,0,50.389205750648124,104.0,225,56,0.020315814282347397,1.042120042120042
val-008,heavy,e3(greedy),3,48.75860118767085,103.0,208,116641.99655952494,0.0,249.01125467966997,0.7437919591945417,0.0013141322738450959,0.8171437289488199,5.823045267489712,3645,21218,0,48.75860118767085,103.0,208,8,0.018239230841738147,1.0369843527738265
val-009,matched,p2(N=4),1,61.39849712340026,125.0,277,138273.03721967828,0.0,98.50000578255288,0.7731666050616359,0.00045619974496766434,0.45564203684642696,4.28456510809452,1989,8517,0,61.39849712340026,125.0,277,107,0.058823529411764705,1.0
val-009,matched,e3(greedy),1,55.00540096278032,115.0,277,175594.6442409299,0.0,98.50000578255288,0.7506786086783288,0.0004022093787541617,0.6652017532700336,2.9406487232574188,2898,8517,0,55.00540096278032,115.0,277,107,0.0409768697898321,1.0
val-009,matched,p2(N=4),2,61.39849712340026,125.0,277,138273.03721967828,0.0,98.50000578255288,0.7731666050616359,0.00045619974496766434,0.45564203684642696,4.28456510809452,1989,8517,0,61.39849712340026,125.0,277,107,0.058823529411764705,1.0
val-009,matched,e3(greedy),2,55.00540096278032,115.0,277,175594.6442409299,0.0,98.50000578255288,0.7506786086783288,0.0004022093787541617,0.6652017532700336,2.9406487232574188,2898,8517,0,55.00540096278032,115.0,277,107,0.0409768697898321,1.0
val-009,matched,p2(N=4),3,61.39849712340026,125.0,277,138273.03721967828,0.0,98.50000578255288,0.7731666050616359,0.00045619974496766434,0.45564203684642696,4.28456510809452,1989,8517,0,61.39849712340026,125.0,277,107,0.058823529411764705,1.0
val-009,matched,e3(greedy),3,55.00540096278032,115.0,277,175594.6442409299,0.0,98.50000578255288,0.7506786086783288,0.0004022093787541617,0.6652017532700336,2.9406487232574188,2898,8517,0,55.00540096278032,115.0,277,107,0.0409768697898321,1.0
val-009,heavy,p2(N=4),1,110.06976283933106,422.0,543,90629.45690536662,0.0,350.6193114136029,0.464288626953933,0.004867165492948035,0.6931083534758925,10.267748478701826,2958,30317,0,110.06976283933106,422.0,543,413,0.2515420391199657,1.0
val-009,heavy,e3(greedy),1,108.91311805257776,422.0,543,98501.73783685721,0.0,350.6193114136029,0.4566973668878179,0.004849203880943274,0.8423560433460164,8.340478153338829,3639,30317,0,108.91311805257776,422.0,543,413,0.2501896625655573,1.0
val-009,heavy,p2(N=4),2,49.6043847845351,109.59999999999854,277,92955.0271423414,0.0,352.37720748956247,0.7081954596612137,0.0017277410150355777,0.6774954606959881,9.605669291338582,3175,30469,0,49.6043847845351,109.59999999999854,277,107,0.03278742328268076,1.0955831608005522
val-009,heavy,e3(greedy),2,48.39282549476517,108.0,277,101455.16429813909,0.0,352.37720748956247,0.6994036150228293,0.0017061328280443635,0.8370823551181376,7.792337164750958,3915,30469,0,48.39282549476517,108.0,277,107,0.03144179329810627,1.0820895522388059
val-009,heavy,p2(N=4),3,47.67311037447898,105.0,277,93518.63569529686,0.0,352.37720748956247,0.7095708039564067,0.0016171259169052816,0.6765586871291938,9.462158808933003,3224,30469,0,47.67311037447898,105.0,277,107,0.02625619482096557,1.1147994467496543
val-009,heavy,e3(greedy),3,46.45029374117956,104.0,277,102133.79500475894,0.0,352.37720748956247,0.7013930108770569,0.0015947046884206304,0.8366313159933848,7.675893306492199,3974,30469,0,46.45029374117956,104.0,277,107,0.0249762053234435,1.0993084370677733
