abs_slot,actual,forecast
196920531,0.02656694,0.06108194101942074
196920579,0.4313854,0.07451274047664541
196920593,0.2972856,0.1314804194055942
196920598,0.09864391,0.11961130190295284
196920630,0.29538795,0.10843511302443508
196920631,0.013583097,0.13495445465585743
196920632,0.035222832,0.11714768895280195
196920687,0.5614458,0.1256234217960147
196920691,0.040516246,0.17096622466783556
196920697,0.087923914,0.13419569236089807
196920707,0.10715554,0.12280443470382352
196920730,0.2680109,0.13016381525400453
196920762,0.19541238,0.12998441368892416
196920806,0.21228027,0.11293197187563922
196920811,0.008356268,0.10638871286993853
196920837,0.101429336,0.07971342194128284
196920873,0.11139471,0.07045796402906729
196920918,0.18114124,0.05980353281568579
196920924,0.035378195,0.07199531185336266
196920938,0.07132235,0.05667473631961641
196920946,0.06804865,0.07323839746013275
196920951,4.4389206e-05,0.04799323402408389
196920965,0.064175695,0.05024754954420158
196920974,0.08589311,0.05576326992133419
196921006,0.03720925,0.04503217599184831
196921020,0.0493497,0.039527762658895085
196921108,0.4078924,0.05045979904839227
196921129,0.11435769,0.07511828453607618
196921130,4.4389206e-05,0.0581484629926098
196921131,4.4389206e-05,0.05452463583974217
196921165,0.34674627,0.053323986328290565
196921188,0.11405806,0.06978851334263546
196921211,0.0888006,0.06038149110148715
196921220,0.0777144,0.057785393787892964
196921241,0.09733443,0.052293991799966105
196921256,0.07660467,0.05756927411369425
196921260,0.03465687,0.05265510927264777
196921264,0.008489436,0.05506825934874418
196921265,4.4389206e-05,0.04505785261203433
196921331,0.11460183,0.0335059760890294
196921341,0.090509586,0.042471506078831524
196921343,4.4389206e-05,0.03616193690125708
196921347,4.4389206e-05,0.03240652131110276
196921353,0.028697621,0.030942694752015124
196921361,0.038829457,0.039689863663237984
196921392,0.011075106,0.024574244844039715
196921431,0.10488059,0.030965020611741785
196921439,0.053522285,0.0354932320324266
196921448,0.034634676,0.032545185423319606
196921472,0.080178,0.03599447460465168
196921497,0.035245027,0.03670311786948037
196921557,0.09811124,0.02997449678898966
196921609,0.10420366,0.03450596119134144
196921610,4.4389206e-05,0.030875626581537467
196921630,0.02043013,0.025592679214359253
196921650,0.06683905,0.026408096374951028
196921702,0.16725852,0.03178583451430904
196921715,0.2523637,0.05161420457244312
196921723,0.041082207,0.05352096411512703
196921757,0.5875355,0.06847500693262157
196921766,0.46456632,0.1476945131378776
196921798,0.5365989,0.15198720134038415
196921815,0.66750264,0.21415592260734168
196921830,0.4984353,0.19638215235349238
196921840,0.35100764,0.25381919897384064
196921867,0.46938255,0.2529679984853252
196921882,0.7326327,0.3005706134617451
196921906,0.6149015,0.38230274153436417
196921936,0.62966084,0.36690304269994006
196921943,0.32861328,0.41342842186940254
196921950,0.3545144,0.388298101203118
196922032,0.47262296,0.33313271222578483
196922057,0.29503286,0.359669619201849
196922115,0.5926847,0.37361028313502176
196922146,0.796076,0.3329507932480427
196922186,0.43339399,0.38659631204587397
196922206,0.2969083,0.41839955093995
196922214,0.10159579,0.3613970353936438
196922215,0.04264693,0.28586996682624594
196922218,0.09927645,0.23609100890616114
196922228,0.1348877,0.23429554866077182
196922247,0.14695047,0.18402740360996953
196922251,0.058493875,0.21766167588990412
196922263,0.024169922,0.1775456452797292
196922297,0.22388805,0.13245699377128173
196922352,0.7105269,0.1772517761730712
196922357,0.044666637,0.22723600127538182
196922372,0.7522306,0.21649391753029087
196922375,0.23382014,0.26191464430090877
196922393,0.63186926,0.25294940972396107
196922408,0.48989037,0.31096853833250965
196922468,0.8939653,0.33709320524696723
196922494,0.26872113,0.344746182286899
196922500,0.26608,0.3887966547478765
196922517,0.6167658,0.31802538727437624
196922556,0.5575617,0.36865874619263816
196922572,0.7289484,0.4135601266117038
196922584,0.048583984,0.4018195689877925
196922588,0.1558283,0.3405819715882302
196922589,0.08190918,0.25347123210088296
196922591,0.051091973,0.29773703639673876
196922603,0.18230647,0.20008856726382154
196922622,0.27850896,0.24043591925839966
196922629,0.048994586,0.2270977258028352
196922644,0.09923207,0.2030891285851937
196922689,0.28710938,0.18560272920519488
196922717,0.26462623,0.17441289033492702
196922728,0.07933461,0.17139390973378016
196922797,0.31157893,0.1527938881197327
196922805,0.012340199,0.16138371330685972
196922844,0.24956721,0.13251388012529028
196922846,0.009011009,0.1159588992918953
196922849,0.011152788,0.09366674602124879
196922850,4.4389206e-05,0.09326053967761147
196922874,0.23342063,0.08354138690120118
196922912,0.38798383,0.1138541851438043
196922981,0.6038042,0.127300652040424
196923003,0.5110973,0.18383243619775622
196923040,0.50571513,0.19762849238598723
196923075,0.5413485,0.21015284272504353
196923076,0.25763494,0.22363226170693162
196923113,0.3428955,0.2049910434690597
196923182,0.50911087,0.21312027620422852
196923195,0.098399766,0.23718507823127188
196923216,0.114668414,0.16776011237972321
196923249,0.1410245,0.1603996671370696
196923250,0.0045276987,0.11324841850296205
196923252,4.4389206e-05,0.07778929773992674
196923260,0.021062678,0.06780272032709217
196923303,0.17099832,0.0630561559221131
196923312,0.09489302,0.10308135844139722
196923391,0.5053711,0.0841266497887369
196923392,4.4389206e-05,0.09765327027214954
196923395,0.014726118,0.08371772895453672
196923400,0.11111727,0.09080675225601978
196923423,0.25258568,0.10434483588240633
196923428,0.08446156,0.14585193184312287
196923494,0.7455167,0.15126984891110978
196923557,0.9704146,0.178585108713994
196923562,0.9134743,0.25364526712050517
196923568,0.5982111,0.31820606478157226
196923631,0.98497427,0.3415017947227906
196923640,0.69130635,0.3903938982227996
196923695,0.54789597,0.45011024335703625
196923712,0.31020287,0.449238209184037
196923722,0.46890536,0.44881206403337187
196923723,0.57632726,0.42644240850844073
196923774,0.9308416,0.38135660355732065
196923779,0.21451083,0.44010194858505197
196923821,0.7200373,0.3981142294475621
196923822,0.08711381,0.38590599735573927
196923832,0.33643687,0.3656159902392775
196923840,0.24721457,0.3075218664507599
196923889,0.28804156,0.27119453074429445
196923923,0.33259723,0.24987013971497732
196923924,4.4389206e-05,0.268957693899337
196923971,0.28930664,0.19806267289821605
196923989,0.12478915,0.22443531911491527
196924010,0.091031164,0.16250392941405947
196924029,0.07458496,0.1587893344090863
196924033,0.055164684,0.11777562879207837
196924037,0.022793857,0.11410779092384159
196924084,0.16048917,0.0933999172438785
196924116,0.092074305,0.09752412174116377
196924125,0.072587445,0.10247781807973695
196924195,0.9341375,0.15644536278630464
196924210,0.49647105,0.2080690705909006
196924216,0.7050337,0.2721080853108525
196924236,0.73248845,0.28036323551213305
196924241,0.14544123,0.2921742040686682
196924249,0.28339177,0.2673342426907743
196924275,0.76948684,0.3052647288688797
196924305,0.6009188,0.32748756950766217
196924314,0.099886805,0.3717209678359442
196924315,0.0032737039,0.3113453619662867
196924317,0.03561124,0.26792422639905533
196924326,0.077947445,0.2568499710960534
196924342,0.08326305,0.1725651549083726
196924350,0.0765048,0.17427362914675457
196924358,0.12567693,0.18352863504439945
196924368,0.047152434,0.17896075842328296
196924413,0.2832142,0.12088212478967061
196924422,0.085870914,0.15192096894215493
196924423,4.4389206e-05,0.1327378727707054
196924442,0.10466974,0.12347003792932508
196924447,0.1003196,0.11025662962129303
196924461,0.18971945,0.16774011727986246
196924479,0.14418723,0.1548956003498932
196924500,0.22721724,0.14913061096799402
196924504,0.0065806997,0.14222260032558656
196924519,0.33891156,0.13012637635618762
196924525,0.047962535,0.13694708541941308
196924528,4.4389206e-05,0.13226029522167526
196924529,4.4389206e-05,0.10109746087847894
196924566,0.2524969,0.09136775181906882
196924609,0.15002441,0.08701110506932291
196924636,0.08649237,0.0879631496905264
196924637,4.4389206e-05,0.07985106412365096
196924669,0.08807928,0.05819574708497025
196924670,0.0021972656,0.06182164783888085
196924780,0.19810902,0.03874947963450269
196924786,0.037242543,0.05072867033031058
196924814,0.2738037,0.05530797898385708
196924834,0.028198242,0.055761032397289224
196924853,0.044688832,0.046880580848075094
196924861,0.025956588,0.055185127949103595
196924896,0.17741255,0.04411553794992149
196924897,0.019475764,0.047238305196937565
196924905,0.1143022,0.04687862143579735
196924919,0.1627863,0.06549431562479732
196924920,0.013006037,0.06589945682046641
196924928,0.15897994,0.07622770568021764
196924975,0.12835139,0.06715572398561107
196925002,0.061456855,0.0605717478925186
196925042,0.13206898,0.05196856771916772
196925049,0.05176891,0.04877100300836009
196925113,0.44911888,0.054687576624638724
196925160,0.44756526,0.10902737806287582
196925199,0.6143799,0.12723073473332916
196925252,0.9614591,0.14333876787954217
196925261,0.3396662,0.19805215072533197
196925269,0.3635254,0.21696180850668845
196925276,0.30686256,0.24809175155878885
196925291,0.47003728,0.19308760250834417
196925297,0.16993298,0.3053954436786277
196925312,0.29921654,0.30691907368549803
196925337,0.32393023,0.24710749812029323
196925343,0.20963912,0.2332311534660974
196925368,0.2610973,0.19985613505715802
196925369,4.4389206e-05,0.22935497427255785
196925407,0.22545277,0.17624857620355114
196925410,0.026378285,0.1568810334815528
196925418,0.13662997,0.1302105209458155
196925419,4.4389206e-05,0.17870926601815035
196925425,0.097645156,0.15456897025723138
196925428,4.4389206e-05,0.15093127795166816
196925429,0.016668146,0.12957093557874202
196925434,0.02418102,0.10919992865198916
196925437,4.4389206e-05,0.1066558052049349
196925445,0.070534445,0.08067337173717849
196925453,0.03280362,0.07212942686126647
196925461,0.0077126245,0.04983120965831169
196925468,0.036110617,0.048606055837965526
196925509,0.109308414,0.05665104356012061
196925511,4.4389206e-05,0.04230725989456461
196925530,0.11848588,0.05797360718608082
196925538,0.017223012,0.0504160850506439
196925556,0.07386363,0.04144698901207552
196925581,0.16584916,0.0514355894087238
196925607,0.33770198,0.06878217958068095
196925616,0.13463245,0.08740684572030542
196925639,0.17042126,0.07444085661119026
196925640,0.0032515093,0.07868731788890924
196925667,0.09913219,0.06662842074294378
196925672,0.0075017754,0.06124479276663433
196925682,0.111050695,0.05266815540668903
196925723,0.3375577,0.06514988571586237
196925746,0.12808505,0.1022363669868107
196925757,0.11025169,0.09847540617004512
196925782,0.14798251,0.07186588132624311
196925808,0.04930531,0.06854455439431188
196925843,0.082330875,0.05562802999100079
196925845,0.005814986,0.05399854532031583
196925849,0.020097213,0.0538229922375651
196925864,0.05083674,0.04051713206696881
196925906,0.23285466,0.05324109331626764
196925910,4.4389206e-05,0.05782597895079839
196925923,0.02397017,0.0560929489493827
196925942,0.08943315,0.0522041510917948
196925951,0.0921298,0.05616603582033482
196925961,0.0061035156,0.04651422630631612
196925972,0.07213246,0.039893975712891314
196926021,0.18690075,0.04479690707780184
196926025,0.022938121,0.06123788637889148
196926031,0.013649681,0.05302393990259917
196926041,0.002985174,0.039790519608348195
196926045,4.4389206e-05,0.03611543095607241
196926123,0.15515137,0.03336868331873958
196926131,0.023282139,0.035669151751928925
196926142,0.006780451,0.030880607585844395
196926183,0.18776633,0.035057072410336135
196926218,0.19990678,0.05307896425903485
196926245,0.21385609,0.05479162006481487
196926251,0.06254439,0.052796106137106585
196926261,0.018388228,0.04105403607783505
196926269,0.032337535,0.03762050199908364
196926315,4.4389206e-05,0.03321664536711579
196926344,0.19157271,0.04090291248191535
196926405,0.15368652,0.03856556735662169
196926427,0.025834518,0.034198796791758745
196926435,0.007901278,0.030277460521952425
196926444,4.4389206e-05,0.027810410667994695
196926453,0.008422852,0.025351483711876607
196926498,0.08604848,0.022460244778852945
196926502,0.010575728,0.02142886021344872
196926565,0.1455966,0.02807679247028285
196926585,0.009011009,0.02725406400026526
196926592,0.15365323,0.03333253606213056
196926625,0.18884277,0.04439740394679503
196926630,0.03461248,0.04706183129264082
196926671,0.3235529,0.05288660470563774
196926689,0.103837445,0.06901695392147761
196926692,0.10191762,0.06202215713873698
196926705,0.027110707,0.05457224438627213
196926762,0.25264117,0.045460731993433166
196926764,0.26538086,0.07811848580533008
196926768,0.100941055,0.09156098037246914
196926800,0.22438742,0.07981061491425537
196926809,0.13472123,0.09809844358616215
196926832,0.18110795,0.10363898309800537
196926841,0.08063299,0.09278529612695785
196926850,0.058627043,0.08648689023805838
196926856,0.024525035,0.08464689364360285
196926858,4.4389206e-05,0.07163054174265009
196926891,0.040560637,0.05087259324835116
196926908,0.17909934,0.06981527792960814
196926940,0.07956765,0.06461901973289563
196926941,4.4389206e-05,0.05852351714243957
196926969,0.15327592,0.05721118168419119
196926972,0.047807172,0.06968148743998633
196926980,0.037653144,0.06293754345363921
196926993,0.037364613,0.05951243830523589
196927051,0.19273792,0.05346209189017005
196927053,0.009011009,0.060027545506583194
196927056,4.4389206e-05,0.05022520651107805
196927060,4.4389206e-05,0.03922826243914616
196927074,0.045121625,0.03556217488047356
196927076,4.4389206e-05,0.03248954805106634
196927092,0.14614035,0.04225727988962331
196927093,4.4389206e-05,0.04976413057392962
196927100,0.05128063,0.04344306984565707
196927125,0.2763894,0.060235388274059734
196927143,0.15500711,0.07728235815081758
196927151,0.064774945,0.07520352473210856
196927160,0.034068715,0.06669642918653924
196927166,0.0168568,0.05746162596024785
196927198,0.22933683,0.05745351244908467
196927214,0.11257102,0.06959244584906056
196927218,4.4389206e-05,0.06935193163860964
196927226,0.03091708,0.058263279480230655
196927227,0.0144153945,0.05433756688254713
196927236,0.0460649,0.05064273721344656
196927254,0.033169832,0.041440282813032
196927258,0.017256303,0.04082063501907103
196927283,0.120949484,0.04183936904415566
196927288,0.07060103,0.054654642476027415
196927323,0.22274503,0.054981205695195406
196927332,0.11866344,0.08862714634768518
196927363,0.17406116,0.07398748478688127
196927365,4.4389206e-05,0.07457542949980983
196927384,0.18107466,0.08325809134291719
196927405,0.12232555,0.07328359684533821
196927410,4.4389206e-05,0.06231603886916912
196927433,0.12424538,0.056558842707502645
196927435,4.4389206e-05,0.055908873014901876
196927494,0.26038706,0.055761739140291096
196927515,0.07136674,0.06630048245710299
196927580,0.2319447,0.05208931494054926
196927620,0.2816384,0.06722220480456331
196927654,0.1501021,0.08527301322582836
196927660,4.4389206e-05,0.05809903054311218
196927663,4.4389206e-05,0.041421087436989384
196927689,0.16701438,0.04721287238271036
196927728,0.2154652,0.05607004138102046
196927731,0.017256303,0.047994682882912344
196927755,0.14215642,0.05772510246319051
196927769,0.11763139,0.05975480446071838
196927782,0.22242321,0.07712081183860255
196927784,0.038385566,0.08729928049460205
196927787,0.013649681,0.07567377169579506
196927792,0.17372824,0.0837565935708697
196927855,0.45956144,0.09309707754089079
196927865,0.11233798,0.12279214110129531
196927909,0.29560992,0.11149065941613774
196927919,0.026134145,0.10912273536936425
196927954,0.42436078,0.10707258613326912
196927964,0.045587715,0.11900585663505049
196927967,0.04695268,0.10873600947406328
196927969,0.008167613,0.09686588542481855
196927973,0.0168568,0.11112234532323413
196928001,0.30243474,0.08871515296870836
196928012,0.08742454,0.1140344234025704
196928039,0.15108976,0.10640571207469221
196928049,0.044189453,0.10169314639207108
196928083,0.28020686,0.08665969333399413
196928110,0.24538352,0.10961810864083249
196928113,0.06769354,0.10320152246764663
196928115,0.019786488,0.10361903404532509
196928190,0.42329547,0.08302601936293177
196928205,0.089577414,0.10811651188518925
196928216,0.10514693,0.09221009184883686
196928254,0.16185413,0.08578693624673984
196928269,0.086159445,0.06990062315517682
196928270,4.4389206e-05,0.07250359007738189
196928279,0.03354714,0.06400422412635735
196928322,0.1546298,0.05431627508066519
196928406,0.43641245,0.05544066292578293
196928412,0.049516156,0.09696869037608748
196928415,0.015669389,0.06149206756369802
196928449,0.17361727,0.0553041452012162
196928455,0.039417613,0.06247281673941257
196928481,0.1846258,0.06521410103645744
196928506,0.108875625,0.06436230644698941
196928531,0.082219906,0.05447218571195371
196928581,0.24278675,0.06239635107862194
196928610,0.21310148,0.05640573490387219
196928611,0.01607999,0.06795777481762641
196928698,0.9412287,0.09920900332577275
196928741,0.86008525,0.16197888461028928
196928747,0.7836803,0.20879803302933406
196928754,0.21870561,0.23668706755113889
196928756,0.17736816,0.22473257057014817
196928766,0.3318981,0.2171265287352779
196928784,0.60715556,0.2866280021967671
196928796,0.4732666,0.31205918444255404
196928921,0.60218394,0.3294320007735365
196928927,0.44010785,0.3438981908246336
196928936,0.95571065,0.39948207283615433
196928983,0.97317785,0.38617808115751684
196928988,0.6448198,0.4700671120783323
196929017,0.6994296,0.4739751748042026
196929022,0.28561124,0.48075574205776206
196929052,0.5559304,0.3836781155426501
196929083,0.6937811,0.3883448912618432
196929107,0.9847856,0.6047145241660813
196929126,0.5691362,0.5933595797923084
196929129,0.05817205,0.6129669703876721
196929138,0.5393843,0.559823548945435
196929164,0.71936035,0.5511248642840413
196929169,0.07973411,0.4826442446599232
196929191,0.49071157,0.505183698843814
196929239,0.97598547,0.527462769356899
196929283,0.7176958,0.5593945688166637
196929299,0.14065829,0.55497406450344
196929303,0.02364835,0.5031761821577415
196929336,0.43273926,0.4237255343371107
196929365,0.22496448,0.3444125007885091
196929369,0.08498313,0.2592277169920215
196929372,0.023759322,0.2805859150559785
196929385,0.15124512,0.21815721167067062
196929396,0.07390802,0.19576273047555262
196929464,0.5328369,0.19063249506478525
196929481,0.12180398,0.20435574131194623
196929498,0.3273593,0.2230101494837974
196929504,0.038840555,0.2016401108683461
196929542,0.15009099,0.16469121765199882
196929555,0.066384055,0.1375675010185012
196929591,0.26330566,0.1324116838710708
196929676,0.55971456,0.15528779032170187
196929701,0.25265226,0.1556462192608021
196929703,0.071966,0.16285585687690698
196929714,0.089466445,0.1372100125739833
196929723,0.0078125,0.12052317040321635
196929733,0.0464644,0.09707063199144547
196929769,0.114868164,0.06714378373974637
196929770,4.4389206e-05,0.052232933618856926
196929773,4.4389206e-05,0.043034112409232085
196929807,0.24704812,0.04644323831965748
196929813,0.010564631,0.06198547472346928
196929821,0.0034179688,0.06179758667381445
196929836,0.1229359,0.06091723682788078
196929861,0.18744451,0.06271432388881991
196929865,0.022128018,0.05786800836592866
196929891,0.318659,0.0851827408674796
196929911,0.15611683,0.09282550987778147
196929912,4.4389206e-05,0.10287570840116257
196929932,0.10277211,0.08444402719296347
196929947,0.047585227,0.06979220548096562
196929949,4.4389206e-05,0.07242934618195669
196929950,0.00291859,0.04883987569424986
196929952,0.0038285688,0.041218287624478045
196929967,0.093572445,0.04479233876642268
196929977,0.1496693,0.06738140277182816
196930000,0.109119765,0.06809967604924543
196930033,0.1619762,0.062073756677468325
196930062,0.16114391,0.06342215657172509
196930065,0.022183506,0.06676262126621968
196930069,4.4389206e-05,0.05017400289492331
196930102,0.24827991,0.05741257611320321
196930127,0.21433328,0.0787958897897677
196930134,0.042879973,0.08490291830538016
196930151,0.10901988,0.0795385632571126
196930231,0.14621805,0.0564786347340317
196930249,0.079878375,0.051049913077635414
196930294,0.3623269,0.05367118654067088
196930313,0.46847257,0.1076239902372096
196930364,0.42371714,0.12964038088373564
196930376,0.25267446,0.14946136026129392
196930396,0.122480914,0.12989738983698218
196930409,0.06383168,0.11630093941928801
196930411,0.05029297,0.09474618957012292
196930424,0.19261585,0.09089582415458387
196930450,0.5386297,0.13954811783779444
196930474,0.29322398,0.1616169154881777
196930479,0.13549805,0.16092440976664657
196930509,0.3807151,0.1572929801677377
196930535,0.5057706,0.18704519348553325
196930573,0.20979448,0.18148254079224194
196930580,0.05488725,0.164542304457889
196930582,0.06607333,0.16206681368665643
