policy,rate,episode_id,l_mean,l_p95,w_max,c_user,x_rate,throughput,f_jain,s_slip,lock_occupancy,batch_n,submissions,settled,gate_a_violations,l_mean_all,l_p95_all,w_max_all,submit_wait_max,overshoot,late_share,interventions
p2(N=4),matched,val-000,64.35823694904657,141.0,241,108918.64137230384,0.0,148.1292832005927,0.728486989987174,0.001508700362663218,0.451657714391554,6.6797078768909754,1917,12796,0,64.35823694904657,141.0,241,202,82,0.09221631759924977,
deadline(p2(N=4)),matched,val-000,62.873847115835545,139.0,241,115720.20658120995,0.0,148.10613076495648,0.7280329616367817,0.0014982259946775375,0.5124907390257455,5.913163972286374,2165,12794,0,62.873847115835545,139.0,241,185,65,0.08527434735032047,382.0
p3(dqn seed3),matched,val-000,826.4794814100503,3609.0,3772,151886.4149791064,0.2704328801375215,108.04084089646231,0.2564738384451306,0.004126947993194739,0.5950523245045379,3.6729634002361276,2541,9333,0,1576.7651242770048,3603.0,3772,3600,3480,0.35444123004393013,
p3(dqn seed3)+largest-repair,matched,val-000,65.31064395123477,151.0,244,127241.43044701469,0.0,148.1292832005927,0.6934841598330822,0.001553774279667362,0.615889516577144,4.950870406189555,2585,12796,0,65.31064395123477,151.0,244,233,113,0.11105032822757112,
"shield(p3(dqn seed3), p2(N=4))",matched,val-000,78.94239487259652,156.0,302,85341.80662810692,0.0,148.10613076495648,0.7705274572536448,0.0016297491282287987,0.25202583811817003,12.138519924098672,1054,12794,0,78.94239487259652,156.0,302,242,122,0.16836016882913865,479.0
p2(N=4),heavy,val-000,136.69521468978948,587.0,868,97210.3193452657,0.0,249.65271346545657,0.37886384359914227,0.008094354290327217,0.5882570846453047,8.602231964926265,2509,21566,0,136.69521468978948,587.0,868,841,721,0.27826207919873874,
deadline(p2(N=4)),heavy,val-000,136.55462301771306,587.0,868,98055.35189650375,0.0,249.65271346545657,0.37823840790148044,0.00809293134650609,0.601129838859048,8.425614994142913,2561,21566,0,136.55462301771306,587.0,868,841,721,0.27807660205879625,64.0
p3(dqn seed3),heavy,val-000,1241.6036392405063,3624.6499999999996,3756,180248.32561030742,0.5764613173874751,102.4263752546768,0.37295369472394857,0.005937236983273618,0.7341637340248194,2.8307741522712733,3126,8848,0,2619.58790640857,3607.0,3756,3600,3480,0.4445072332730561,
p3(dqn seed3)+largest-repair,heavy,val-000,158.20061198942926,656.5999999999985,981,106791.18860401503,0.0,249.68744211891092,0.3756066049638888,0.009730030316118752,0.7313391368771995,6.963524854744997,3098,21569,0,158.20061198942926,656.5999999999985,981,958,838,0.3018220594371552,
"shield(p3(dqn seed3), p2(N=4))",heavy,val-000,163.51115026195,641.0,961,79315.20218832584,0.0,249.68744211891092,0.4184481852237085,0.009494871659165785,0.3359302648638637,15.34068278805121,1406,21569,0,163.51115026195,641.0,961,935,815,0.3324678937363809,469.0
p2(N=4),matched,val-001,59.06031468531469,125.0,274,118107.02202797202,0.0,131.8777594614223,0.74784909816107,0.0008597686390191951,0.46874243489688405,5.685203574975174,2014,11440,0,59.06031468531469,125.0,274,205,85,0.05874125874125874,
deadline(p2(N=4)),matched,val-001,57.60909090909091,121.0,260,124479.04020979021,0.0,131.8777594614223,0.7542849483879969,0.0008484368759836138,0.515314650650743,5.153015301530153,2222,11440,0,57.60909090909091,121.0,260,205,85,0.05131118881118881,327.0
p3(dqn seed3),matched,val-001,80.12144793215003,155.0,282,86469.24097228295,0.0,131.8431761328922,0.7858929926456317,0.0010923385149880127,0.22814621831302523,11.679591836734694,980,11437,0,80.12144793215003,155.0,282,227,107,0.1708489988633383,
p3(dqn seed3)+largest-repair,matched,val-001,60.83649558450642,133.0,272,135313.76610999389,0.0,131.8431761328922,0.7179419367980484,0.000912740984100308,0.6004588054918326,4.446775446775447,2574,11437,0,60.83649558450642,133.0,272,202,82,0.08114015913263968,
"shield(p3(dqn seed3), p2(N=4))",matched,val-001,78.60898837107634,149.0,282,86622.45466468479,0.0,131.8431761328922,0.7918933398896281,0.0010817911680916603,0.23050941242924827,11.620304568527919,985,11437,0,78.60898837107634,149.0,282,227,107,0.1547608638629011,467.0
p2(N=4),heavy,val-001,57.789585296889726,122.0,260,109092.82569509896,0.0,195.69552837562105,0.7495988153761501,0.0007034718393651135,0.6010813054053743,6.659741277930223,2551,16976,0,57.789585296889726,122.0,260,226,106,0.05230914231856739,
deadline(p2(N=4)),heavy,val-001,57.63766493873704,122.0,260,110063.1171065033,0.0,195.69552837562105,0.749799261133945,0.0007012655155246473,0.6139347758423922,6.537336412625097,2598,16976,0,57.63766493873704,122.0,260,226,106,0.051837888784165884,69.0
p3(dqn seed3),heavy,val-001,73.48963242224316,141.0,282,82461.4231267672,0.0,195.69552837562105,0.8011103176384313,0.0009045213145846739,0.2984656529908815,13.483717235901509,1259,16976,0,73.48963242224316,141.0,282,230,110,0.1029099905749293,
p3(dqn seed3)+largest-repair,heavy,val-001,59.36804901036758,127.0,249,119642.16423185673,0.0,195.69552837562105,0.7341693873640104,0.0007196758079655594,0.7068371240503994,5.547860176412937,3061,16976,0,59.36804901036758,127.0,249,225,105,0.06467954759660698,
"shield(p3(dqn seed3), p2(N=4))",heavy,val-001,73.10732799245994,140.0,282,82399.48963242225,0.0,195.69552837562105,0.8029208476406775,0.0009008729615670723,0.2946153757478645,13.51592356687898,1256,16976,0,73.10732799245994,140.0,282,230,110,0.10008246936852026,270.0
p2(N=4),matched,val-002,56.09633856395625,112.0,221,129961.82168330956,0.0,123.21736175398713,0.7703690567095882,0.0009652818437065277,0.5237118717555105,4.767452402538531,2206,10515,0,56.09633856395625,112.0,221,146,26,0.03138373751783167,
deadline(p2(N=4)),matched,val-002,54.89025202092249,109.0,215,135027.92458392773,0.0,123.21736175398713,0.7758474643205476,0.0009545091832347966,0.5561596962630512,4.460983884648007,2358,10515,0,54.89025202092249,109.0,215,134,14,0.026343319067998097,254.0
p3(dqn seed3),matched,val-002,78.5558409436834,152.0,288,88075.50114155251,0.0,123.18220701454234,0.7785065053610268,0.0011599650187138824,0.21394002601450718,11.08860759493671,948,10512,0,78.5558409436834,152.0,288,229,109,0.16095890410958905,
p3(dqn seed3)+largest-repair,matched,val-002,58.12372800760818,122.0,247,140627.30147408464,0.0,123.21736175398713,0.7320289479996096,0.0009876180265031786,0.597489951603642,4.1643564356435645,2525,10515,0,58.12372800760818,122.0,247,213,93,0.053827864954826436,
"shield(p3(dqn seed3), p2(N=4))",matched,val-002,76.67437434579884,144.0,247,87617.64240175088,0.0,123.14705227509755,0.7892543763723272,0.0011458474794869141,0.2108932819292921,11.251605995717345,934,10509,0,76.67437434579884,144.0,247,213,93,0.13483680654676944,486.0
p2(N=4),heavy,val-002,77.5565236818588,260.0,397,102070.64486148347,0.0,262.2543562581295,0.5578247852824215,0.002715405982822258,0.6800332798200077,7.69114619080302,2914,22380,0,77.5565236818588,260.0,397,392,272,0.15084897229669347,
deadline(p2(N=4)),heavy,val-002,77.42408400357462,260.0,397,102775.32515638963,0.0,262.2543562581295,0.5569501825058941,0.0027130429480226796,0.689607087195472,7.5724907063197024,2959,22380,0,77.42408400357462,260.0,397,392,272,0.15026809651474532,61.0
p3(dqn seed3),heavy,val-002,184.95740502056097,163.39999999999964,3720,94693.11403670289,0.14819932251738277,190.92538992465168,0.08292333165273322,0.0013925296060104781,0.41520090933592696,9.164229471316085,1778,16293,0,763.763431542461,3600.0,3720,3600,3480,0.10525992757625974,
p3(dqn seed3)+largest-repair,heavy,val-002,80.16152815013405,260.0,397,104591.83436103664,0.0,262.2543562581295,0.5729537090883791,0.0027802781427645486,0.7197464171461383,7.2882238126219905,3074,22380,0,80.16152815013405,260.0,397,392,272,0.16394101876675604,
"shield(p3(dqn seed3), p2(N=4))",heavy,val-002,89.29495084897229,260.0499999999993,397,79505.21586237712,0.0,262.2543562581295,0.6410430930798668,0.0029009307007839187,0.3456062434817254,15.220108695652174,1472,22380,0,89.29495084897229,260.0499999999993,397,392,272,0.18525469168900804,360.0
p2(N=4),matched,val-003,59.53311290479432,126.0,279,126848.48536419333,0.0,117.45422563364517,0.7482467598288225,0.0006944515966210155,0.4741801733886167,4.977745524915337,2067,10283,0,59.53311290479432,126.0,279,205,85,0.06019644072741418,
deadline(p2(N=4)),matched,val-003,57.97208985704561,123.0,242,133085.41651269086,0.0,117.45422563364517,0.7544727572850841,0.0006834052532265658,0.5153571143017053,4.572888888888889,2250,10283,0,57.97208985704561,123.0,242,179,59,0.05426431975104541,293.0
p3(dqn seed3),matched,val-003,83.34289883268482,161.0,264,89504.69931906615,0.0,117.41995910861347,0.7913623260447403,0.0009538302160862852,0.23897474557105164,10.608875128998967,969,10280,0,83.34289883268482,161.0,264,227,107,0.1894941634241245,
p3(dqn seed3)+largest-repair,matched,val-003,60.76855003403676,137.0,261,143378.05698726053,0.0,117.45422563364517,0.7160929736314288,0.0007394953153284922,0.5845412283407007,4.032144257154057,2551,10283,0,60.76855003403676,137.0,261,182,62,0.08353593309345522,
"shield(p3(dqn seed3), p2(N=4))",matched,val-003,80.72811284046692,153.0,256,88618.31935797665,0.0,117.41995910861347,0.7986270363333474,0.0009339358316607051,0.2251767581582885,10.90137857900318,943,10280,0,80.72811284046692,153.0,256,219,99,0.16400778210116732,465.0
p2(N=4),heavy,val-003,72.10916121356335,203.0,409,103378.81915526472,0.0,230.4081143131275,0.5909328193645154,0.002385534123106042,0.6242447086774263,7.475203552923761,2702,20172,0,72.10916121356335,203.0,409,404,284,0.13117192147531231,
deadline(p2(N=4)),heavy,val-003,72.01244299028356,203.0,409,103969.52280388658,0.0,230.4081143131275,0.5903996527940625,0.0023840750471369673,0.6346160435870198,7.374269005847953,2736,20172,0,72.01244299028356,203.0,409,404,284,0.13107277414237556,55.0
p3(dqn seed3),heavy,val-003,1488.517354719958,3631.0,3776,214283.42689981594,0.5864974719936552,86.87706313036128,0.42989536530678224,0.006288845027854488,0.8028646814926498,2.220373613543491,3426,7606,0,2773.786552114415,3612.0,3776,3600,3480,0.48303970549566133,
p3(dqn seed3)+largest-repair,heavy,val-003,75.78579218719017,216.0,409,110015.54838389848,0.0,230.4081143131275,0.5863283569104729,0.0025378421001806444,0.7277067699231288,6.543626337982484,3083,20172,0,75.78579218719017,216.0,409,404,284,0.14916716240333136,
"shield(p3(dqn seed3), p2(N=4))",heavy,val-003,86.24919430809658,217.59999999999854,409,80449.18488769894,0.0,230.37384778809582,0.6635376555697632,0.0026828477756128404,0.32296199842373985,14.615217391304348,1380,20169,0,86.24919430809658,217.59999999999854,409,404,284,0.18067331052605484,316.0
p2(N=4),matched,val-004,63.5465034965035,128.0,278,133587.75850815847,0.0,98.16933638443936,0.7772116131384498,0.0004787313880049847,0.4426086956521739,4.54151242728715,1891,8580,0,63.5465034965035,128.0,278,195,75,0.06515151515151515,
deadline(p2(N=4)),matched,val-004,61.366083916083916,123.0,278,142859.8618881119,0.0,98.16933638443936,0.7798648596719022,0.0004614904866747253,0.4920366132723112,4.052880075542965,2118,8580,0,61.366083916083916,123.0,278,161,41,0.05501165501165501,352.0
p3(dqn seed3),matched,val-004,90.73725947521866,162.0,306,92313.06670553936,0.0,98.11212814645309,0.8287963380225086,0.0006927778043818244,0.20754004576659038,9.777651083238313,877,8575,0,90.73725947521866,162.0,306,245,125,0.22647230320699707,
p3(dqn seed3)+largest-repair,matched,val-004,63.860955710955714,139.0,278,158054.6744755245,0.0,98.16933638443936,0.737230767165804,0.00048458385818515024,0.5884897025171625,3.4489549839228295,2488,8580,0,63.860955710955714,139.0,278,183,63,0.08904428904428904,
"shield(p3(dqn seed3), p2(N=4))",matched,val-004,87.68615779645191,154.0,306,91606.08765172736,0.0,98.03203661327231,0.8366999470937115,0.0006710666160994027,0.19973684210526316,9.974388824214202,859,8568,0,87.68615779645191,154.0,306,200,80,0.1910597572362278,505.0
p2(N=4),heavy,val-004,68.76379642606868,218.0,477,98481.72726874561,0.0,261.2356979405034,0.5560428685518396,0.00211035895131838,0.628512585812357,8.34014598540146,2740,22832,0,68.76379642606868,218.0,477,435,315,0.10739313244569026,
deadline(p2(N=4)),heavy,val-004,68.66005343143695,218.0,477,99093.84255244602,0.0,261.2471395881007,0.5553824295426703,0.0021090661514700767,0.6398283752860412,8.218345323741007,2780,22833,0,68.66005343143695,218.0,477,435,315,0.10703805894976569,52.0
p3(dqn seed3),heavy,val-004,318.0995528035776,3593.0,3731,108140.99573443412,0.3359026013839012,166.30434782608697,0.1133853566148126,0.0016389854022769864,0.49792906178489704,6.779850746268656,2144,14535,0,1451.7260526908353,3600.0,3731,3600,3480,0.15706914344685244,
p3(dqn seed3)+largest-repair,heavy,val-004,70.97919768765875,220.0,477,104479.19716212666,0.0,261.25858123569793,0.5647698212855713,0.0021513666267005253,0.7297940503432494,7.299872122762149,3128,22834,0,70.97919768765875,220.0,477,435,315,0.1204782342121398,
"shield(p3(dqn seed3), p2(N=4))",heavy,val-004,81.00937486310072,222.70000000000073,483,79468.66727997547,0.0,261.17848970251714,0.6308209061556248,0.0023349664714020463,0.34553775743707094,15.238317757009346,1498,22827,0,81.00937486310072,222.70000000000073,483,441,321,0.14951592412493978,312.0
p2(N=4),matched,val-005,67.16361056537873,140.0,287,127120.67310630866,0.0,100.9642404540195,0.7554101072924122,0.0005155176990971103,0.4343379800539975,4.9604978354978355,1848,9162,0,67.16361056537873,140.0,287,272,152,0.08840864440078586,
deadline(p2(N=4)),matched,val-005,64.06873977086742,136.0,287,141016.5653027823,0.0,100.99730012672875,0.7494115310092426,0.0004895607035741761,0.5172516392087718,4.145183175033921,2211,9165,0,64.06873977086742,136.0,287,272,152,0.07474086197490452,577.0
p3(dqn seed3),matched,val-005,91.90580659244706,170.0,328,92541.24241432002,0.0,100.9642404540195,0.8096299370158409,0.0007112036648139349,0.2281337814755634,9.715800636267232,943,9162,0,91.90580659244706,170.0,328,272,152,0.2322636978825584,
p3(dqn seed3)+largest-repair,matched,val-005,67.60436442989635,150.0,287,153138.34784506273,0.0,100.99730012672875,0.7186405596906538,0.0005149332998687751,0.5883629952063475,3.6247528667457494,2529,9165,0,67.60436442989635,150.0,287,280,160,0.12034915439170758,
"shield(p3(dqn seed3), p2(N=4))",matched,val-005,88.56647020301244,159.0,328,91661.45601397075,0.0,100.9642404540195,0.814099297385808,0.000692741227545411,0.21985784340735026,9.958695652173914,920,9162,0,88.56647020301244,159.0,328,272,152,0.19460816415629775,510.0
p2(N=4),heavy,val-005,60.891097906369744,131.0,308,105807.4040650858,0.0,198.43517549176264,0.7254620850139145,0.0007419018898614652,0.5927929913493857,7.103353057199211,2535,18007,0,60.891097906369744,131.0,308,272,152,0.06647414894207808,
deadline(p2(N=4)),heavy,val-005,60.56772366301993,131.0,308,107559.02787804743,0.0,198.43517549176264,0.7240685365469749,0.0007366210557518152,0.6163535181001708,6.859809523809524,2625,18007,0,60.56772366301993,131.0,308,272,152,0.06597434331093463,124.0
p3(dqn seed3),heavy,val-005,75.407674793136,148.0,356,82024.24518242906,0.0,198.43517549176264,0.7761357539840791,0.00092260405112785,0.3033114772163756,13.714394516374714,1313,18007,0,75.407674793136,148.0,356,293,173,0.1235630588104626,
p3(dqn seed3)+largest-repair,heavy,val-005,62.77225523407564,136.0,354,115752.7348253457,0.0,198.43517549176264,0.7101496016518527,0.0007676647051594941,0.7170532811725164,5.9107318674105676,3047,18007,0,62.77225523407564,136.0,354,291,171,0.08113511412228577,
"shield(p3(dqn seed3), p2(N=4))",heavy,val-005,75.26089853945687,147.0,356,82102.0951296718,0.0,198.43517549176264,0.777317837870522,0.0009212790746015101,0.3023527467078076,13.672741078208048,1317,18007,0,75.26089853945687,147.0,356,293,173,0.11995335147442661,280.0
p2(N=4),matched,val-006,66.89113616268789,139.0,272,127817.16644562334,0.0,99.93373094764745,0.7553327383314414,0.0005130023435325705,0.42509388115749946,4.907908992416035,1846,9048,0,66.89113616268789,139.0,272,265,145,0.08443854995579134,
deadline(p2(N=4)),matched,val-006,63.89389920424403,135.0,272,141877.43866047746,0.0,99.93373094764745,0.7492165593638693,0.0004884412019690564,0.5093108018555335,4.103666817564509,2209,9048,0,63.89389920424403,135.0,272,265,145,0.07449160035366932,567.0
p3(dqn seed3),matched,val-006,91.1343943412909,167.0,312,92298.51735190097,0.0,99.93373094764745,0.8179281854558806,0.0006959569846275134,0.2107687210072896,9.781621621621621,925,9048,0,91.1343943412909,167.0,312,265,145,0.22988505747126436,
p3(dqn seed3)+largest-repair,matched,val-006,66.67219274977896,149.0,328,157099.71684350132,0.0,99.93373094764745,0.7088951049630792,0.0005133374136718159,0.5929754804506295,3.4826789838337184,2598,9048,0,66.67219274977896,149.0,328,321,201,0.11118479221927498,
"shield(p3(dqn seed3), p2(N=4))",matched,val-006,89.44429708222812,162.0,312,91756.24790008842,0.0,99.93373094764745,0.8212757611579471,0.0006897609803582233,0.21219350563286946,9.931942919868277,911,9048,0,89.44429708222812,162.0,312,265,145,0.20965959328028294,520.0
p2(N=4),heavy,val-006,80.43652929235708,231.0,411,99253.93740263418,0.0,233.96288933068257,0.6294446687455902,0.002588666602795665,0.6011376187320522,8.184870706291008,2591,21183,0,80.43652929235708,231.0,411,396,276,0.18321295378369448,
deadline(p2(N=4)),heavy,val-006,80.11665014398338,231.0,411,100726.39309823916,0.0,233.96288933068257,0.6274809834289068,0.002585497911761837,0.622321625800751,7.916044776119403,2680,21183,0,80.11665014398338,231.0,411,396,276,0.18170230845489307,127.0
p3(dqn seed3),heavy,val-006,549.1273726639795,3609.0,3756,128693.9891535361,0.3261279969794223,150.70686989176056,0.17354489620394026,0.002626182600108525,0.6475480450629556,4.851048702452897,2813,13645,0,1574.743030892727,3600.0,3756,3600,3480,0.22139978013924513,
p3(dqn seed3)+largest-repair,heavy,val-006,84.47153780798641,250.0,431,107601.64122533749,0.0,233.99602385685884,0.606506913421378,0.002772137919475383,0.7185111552904794,6.852522639068564,3092,21186,0,84.47153780798641,250.0,431,411,291,0.20041536863966772,
"shield(p3(dqn seed3), p2(N=4))",heavy,val-006,91.93266915340668,231.0,411,80133.02611077011,0.0,233.91870996244754,0.7047158689973138,0.0027337028170935688,0.3262535895736691,14.81048951048951,1430,21179,0,91.93266915340668,231.0,411,396,276,0.22475093252750367,390.0
p2(N=4),matched,val-007,60.74111726220433,128.0,235,126632.75078007046,0.0,116.03055218163132,0.7565620056283732,0.0008311598567375574,0.4659558067831449,4.991963837267705,1991,9935,0,60.74111726220433,128.0,235,191,71,0.06824358329139406,
deadline(p2(N=4)),matched,val-007,59.21354533561437,124.0,210,133672.28731005333,0.0,116.05391011865832,0.7605046458507805,0.0008183027236272425,0.5139680463421471,4.537654039251484,2191,9937,0,59.21354533561437,124.0,210,191,71,0.060481030492100234,305.0
p3(dqn seed3),matched,val-007,84.34098228663446,161.0,265,89590.25754830918,0.0,116.04223115014481,0.8022795315974768,0.0010692601515982498,0.22336027282070448,10.581469648562301,939,9936,0,84.34098228663446,161.0,265,236,116,0.1996779388083736,
p3(dqn seed3)+largest-repair,matched,val-007,62.658750125792494,137.0,238,143547.4085740163,0.0,116.05391011865832,0.7237990466222664,0.0008778739384195924,0.5703657852938429,4.024706358849737,2469,9937,0,62.658750125792494,137.0,238,229,109,0.0994263862332696,
"shield(p3(dqn seed3), p2(N=4))",matched,val-007,82.59279388083736,154.0,255,88637.91787439614,0.0,116.04223115014481,0.8106993467046104,0.001051532194826414,0.21281416425301317,10.894736842105264,912,9936,0,82.59279388083736,154.0,255,236,116,0.17371175523349436,488.0
p2(N=4),heavy,val-007,293.3016499565801,1003.0,1149,95038.14036472724,0.0,295.8749883210315,0.4090059812173763,0.015341945163200272,0.6589507614687471,9.082078853046594,2790,25334,0,293.3016499565801,1003.0,1149,1121,1001,0.40341043656745873,
deadline(p2(N=4)),heavy,val-007,293.23067814004895,1003.0,1149,95453.14904870924,0.0,295.8749883210315,0.40882727685541653,0.015340799200247125,0.6660282163879286,8.98936170212766,2820,25334,0,293.23067814004895,1003.0,1149,1121,1001,0.4030946554038052,39.0
p3(dqn seed3),heavy,val-007,346.92542656916515,3601.0,3722,107325.2867915905,0.454294284812125,153.32149864523964,0.12263476751011003,0.0018179703037362164,0.44827384845370455,6.888247639034628,1906,13128,0,1866.6465216332494,3600.0,3722,3600,3480,0.18989945155393054,
p3(dqn seed3)+largest-repair,heavy,val-007,312.05119602115735,1045.0,1174,98787.05214336465,0.0,295.8749883210315,0.4169136269012039,0.01632843438681011,0.710992245164907,8.279738562091504,3060,25334,0,312.05119602115735,1045.0,1174,1162,1042,0.42571248125049344,
"shield(p3(dqn seed3), p2(N=4))",heavy,val-007,307.6077603220968,1014.0,1149,77095.93159390542,0.0,295.8749883210315,0.43565022334092524,0.015745824214722533,0.35081285620853964,16.991281019450035,1491,25334,0,307.6077603220968,1014.0,1149,1121,1001,0.44000157890581826,655.0
p2(N=4),matched,val-008,56.51007658202338,112.0,211,134903.48256751307,0.0,116.46657043270078,0.7797118861828285,0.0006114520643907571,0.5180556044549285,4.469635627530365,2223,9924,0,56.51007658202338,112.0,211,147,27,0.03164046755340588,
deadline(p2(N=4)),matched,val-008,55.288996372430475,109.85000000000036,208,140483.1720072551,0.0,116.46657043270078,0.784059593763464,0.0006013229367091236,0.5516788132708986,4.173036539269215,2381,9924,0,55.288996372430475,109.85000000000036,208,134,14,0.028415961305925032,251.0
p3(dqn seed3),matched,val-008,80.84441757355904,154.85000000000036,240,88853.3874445788,0.0,116.46657043270078,0.8011296216415686,0.0008547705470430751,0.20865166825100634,10.81917211328976,918,9924,0,80.84441757355904,154.85000000000036,240,213,93,0.1622329705763805,
p3(dqn seed3)+largest-repair,matched,val-008,59.12404272470778,125.0,216,145179.99919387343,0.0,116.46657043270078,0.745140573386561,0.000652395376809205,0.5853724371838656,3.9522483087942697,2513,9924,0,59.12404272470778,125.0,216,213,93,0.05894800483675937,
"shield(p3(dqn seed3), p2(N=4))",matched,val-008,79.0996573962112,149.0,238,88924.0164248287,0.0,116.46657043270078,0.8103735963051738,0.0008416565358558043,0.21013038528793906,10.795652173913043,920,9924,0,79.0996573962112,149.0,238,213,93,0.13694074969770254,457.0
p2(N=4),heavy,val-008,99.6482677350931,427.2999999999993,601,103880.93895828423,0.0,248.97604713117158,0.4209737941717728,0.005038220827821472,0.6728984027508831,7.392757660167131,2872,21215,0,99.6482677350931,427.2999999999993,601,579,459,0.17652604289417864,
deadline(p2(N=4)),heavy,val-008,99.56120669337733,427.2999999999993,601,104426.08215884987,0.0,248.97604713117158,0.420502202323396,0.005037074439819395,0.6824513842434484,7.3104991394148024,2905,21215,0,99.56120669337733,427.2999999999993,601,579,459,0.1761960876738157,43.0
p3(dqn seed3),heavy,val-008,838.5836639202522,3619.0,3714,153469.73359780287,0.5064561734213007,115.37513642925043,0.2540648931303587,0.0036583465103634835,0.6352497975565962,3.612049963262307,2722,9831,0,2280.7520653124698,3604.0,3714,3600,3480,0.3168548469128268,
p3(dqn seed3)+largest-repair,heavy,val-008,132.46512395136205,568.0,731,106929.90927514374,0.0,249.01125467966997,0.4055435340216734,0.007561350845338641,0.7062986304263634,6.943717277486911,3056,21218,0,132.46512395136205,568.0,731,702,582,0.27641625035347345,
"shield(p3(dqn seed3), p2(N=4))",heavy,val-008,133.88262755823823,534.0,689,79425.31118551354,0.0,248.8704244856764,0.4675829806039441,0.006970537880280831,0.3259397481486697,15.266187050359711,1390,21206,0,133.88262755823823,534.0,689,658,538,0.28590964821277,450.0
p2(N=4),matched,val-009,61.39849712340026,125.0,277,138273.03721967828,0.0,98.50000578255288,0.7731666050616359,0.00045619974496766434,0.45564203684642696,4.28456510809452,1989,8517,0,61.39849712340026,125.0,277,227,107,0.058823529411764705,
deadline(p2(N=4)),matched,val-009,59.575789597276035,120.0,277,146173.53176000938,0.0,98.50000578255288,0.7799269199617256,0.00044005019508492753,0.5055454682133068,3.9055479138010085,2181,8517,0,59.575789597276035,120.0,277,227,107,0.047786779382411645,300.0
p3(dqn seed3),matched,val-009,89.0524832687566,162.0,290,92804.04520371022,0.0,98.50000578255288,0.8274981379601275,0.0006844858322949768,0.20933997941411175,9.645526613816534,883,8517,0,89.0524832687566,162.0,290,240,120,0.22167429846189973,
p3(dqn seed3)+largest-repair,matched,val-009,61.70999178114359,133.0,277,158806.09334272632,0.0,98.50000578255288,0.7332283208304325,0.00045867492051716554,0.5685868597268322,3.4240353697749195,2488,8517,0,61.70999178114359,133.0,277,227,107,0.08160150287659974,
"shield(p3(dqn seed3), p2(N=4))",matched,val-009,87.0533051543971,155.0,290,91816.48338616884,0.0,98.50000578255288,0.8339442674396387,0.0006652826519704028,0.20995293001954504,9.91501746216531,859,8517,0,87.0533051543971,155.0,290,240,120,0.19443466009158153,501.0
p2(N=4),heavy,val-009,110.06976283933106,422.0,543,90629.45690536662,0.0,350.6193114136029,0.464288626953933,0.004867165492948035,0.6931083534758925,10.267748478701826,2958,30317,0,110.06976283933106,422.0,543,533,413,0.2515420391199657,
deadline(p2(N=4)),heavy,val-009,110.31348748227067,422.0,543,90930.01388659827,0.0,350.6193114136029,0.4655985046868768,0.004887332120621548,0.6981623046942764,10.177278820375335,2984,30317,0,110.31348748227067,422.0,543,533,413,0.2516080087079856,41.0
p3(dqn seed3),heavy,val-009,573.3116260217523,3611.0,3736,124748.69512936566,0.3771765863256272,171.19826060809325,0.17906927083963797,0.0037244119032568304,0.6646466281934148,5.131369150779896,2885,14803,0,1896.7470823037445,3600.0,3736,3600,3480,0.23670877524826048,
p3(dqn seed3)+largest-repair,heavy,val-009,140.66420505348214,522.0,678,93492.57144749479,0.0,349.2314987220558,0.45981570626966956,0.006394947688241626,0.7311344212242821,9.470698840488875,3191,30197,0,140.66420505348214,522.0,678,661,541,0.3400668940623241,
"shield(p3(dqn seed3), p2(N=4))",heavy,val-009,140.4773501869561,506.0,661,76555.31987690678,0.0,349.50906126036523,0.4896742676293993,0.006171331167465745,0.3947633201105624,17.452394691286784,1733,30221,0,140.4773501869561,506.0,661,646,526,0.3342708712484696,612.0
